{"cameraMode":{"drawMode":0,"name":"Shaded","section":"Shading Mode"},"sceneLighting":false,"audioPlay":false,"sceneViewState":{"showFog":false,"showMaterialUpdate":false,"showSkybox":false,"showFlares":false,"showImageEffects":false,"showParticleSystems":false},"in2DMode":false,"pivot":{"x":8.716266632080079,"y":-25.46002197265625,"z":-818.1692504882813},"rotation":{"x":-0.13009902834892274,"y":-0.022611375898122789,"z":0.0029552143532782795,"w":-0.991261899471283},"size":415.6677551269531,"orthographic":false}